name,Dec,July,June,Nov,Oct,Sept
Amy Klobuchar,8.34494325944343,8.17283581302696,9.60427803558909,8.553094635420923,8.06923569364126,8.06907720917177
Andrew Yang,9.625158289007853,8.363096648085136,10.80336048578199,9.164741184791026,9.121119377378506,8.899459758345284
Bernie Sanders,9.618460972017676,9.10194642800969,9.020144040020703,10.44619541009006,9.619661518425286,10.52272123271366
Elizabeth Warren,8.812175967596762,7.749335371456848,9.700129032258069,8.520385222625762,8.68815766632703,7.850614351710341
Joe Biden,8.246392966243228,7.4725599445038995,7.251426432232748,8.161956912028725,7.027273865302767,6.661817262720703
Pete Buttigieg,10.263378587581773,10.040542464408446,9.962292682926833,13.322673531655226,10.910730456314116,10.740200194363464
